cust_id,date,mobile_eft_all_cnt,active_product_category_nbr,mobile_eft_all_amt,cc_transaction_all_amt,cc_transaction_all_cnt
1,2016-01-01,5.0,3,38.36,241.43,12.0
1,2016-02-01,1.0,3,83.03,158.73,15.0
1,2016-03-01,1.0,3,18.99,94.21,17.0
1,2016-04-01,1.0,3,25.63,19.26,3.0
1,2016-05-01,1.0,3,12.0,20.02,12.0
1,2016-06-01,1.0,2,71.73,11.38,4.0
1,2016-07-01,4.0,3,11.53,24.79,13.0
1,2016-08-01,1.0,3,7.76,10.55,4.0
1,2016-09-01,1.0,3,3.47,39.4,13.0
1,2016-10-01,1.0,3,3.88,61.78,14.0
1,2016-11-01,1.0,3,7.46,185.95,28.0
1,2016-12-01,1.0,3,21.57,183.23,25.0
1,2017-01-01,3.0,3,10.1,414.77,35.0
1,2017-02-01,3.0,3,33.77,200.43,22.0
1,2017-03-01,1.0,3,19.75,265.09,32.0
1,2017-04-01,2.0,3,15.35,604.6,33.0
1,2017-05-01,1.0,3,20.62,521.37,24.0
1,2017-06-01,1.0,3,45.02,318.62,17.0
1,2017-07-01,1.0,3,22.72,979.15,24.0
1,2017-08-01,1.0,3,19.08,718.5,17.0
1,2017-09-01,1.0,3,6.49,433.4,18.0
1,2017-10-01,4.0,3,14.98,122.43,10.0
1,2017-11-01,1.0,3,17.18,322.05,17.0
1,2017-12-01,2.0,3,39.98,323.15,12.0
1,2018-01-01,5.0,3,13.43,192.81,9.0
1,2018-02-01,1.0,3,20.96,238.18,8.0
1,2018-03-01,1.0,3,12.72,76.1,4.0
1,2018-04-01,1.0,3,5.62,292.2,5.0
1,2018-05-01,1.0,3,4.35,219.95,4.0
1,2018-06-01,1.0,3,4.1,147.86,5.0
1,2018-07-01,1.0,3,4.56,233.57,6.0
1,2018-08-01,1.0,3,4.38,255.02,11.0
1,2018-09-01,1.0,3,2.77,303.8,14.0
1,2018-10-01,5.0,3,10.77,253.34,13.0
1,2018-11-01,2.0,3,4.54,98.25,13.0
1,2018-12-01,1.0,3,3.49,64.09,11.0
1,2019-01-01,0.0,3,0.0,72.72,11.0
1,2019-02-01,0.0,3,0.0,15.74,8.0
2,2016-01-01,4.0,2,15.41,19.15,2.0
2,2016-02-01,3.0,2,20.73,11.49,4.0
2,2016-03-01,5.0,2,13.41,16.6,4.0
2,2016-04-01,2.0,3,29.1,10.93,4.0
2,2016-05-01,2.0,3,24.03,0.0,0.0
2,2016-06-01,2.0,2,34.02,0.0,0.0
2,2016-07-01,2.0,3,108.7,0.0,0.0
2,2016-08-01,1.0,3,103.19,0.0,0.0
2,2016-09-01,4.0,3,173.25,0.0,0.0
2,2016-10-01,2.0,2,146.32,0.0,0.0
2,2016-11-01,4.0,3,281.23,18.58,1.0
2,2016-12-01,3.0,3,825.15,16.81,4.0
2,2017-01-01,1.0,3,406.06,17.66,2.0
2,2017-02-01,3.0,3,540.14,13.35,2.0
2,2017-03-01,4.0,3,828.64,0.0,0.0
2,2017-04-01,2.0,3,1436.46,0.0,0.0
2,2017-05-01,5.0,3,1088.34,0.0,0.0
2,2017-06-01,3.0,3,823.38,0.0,0.0
2,2017-07-01,3.0,3,654.39,12.29,3.0
2,2017-08-01,5.0,3,556.73,0.0,0.0
2,2017-09-01,2.0,3,754.8,0.0,0.0
2,2017-10-01,2.0,3,838.91,0.0,0.0
2,2017-11-01,1.0,3,1072.04,0.0,0.0
2,2017-12-01,1.0,3,987.47,15.83,3.0
2,2018-01-01,1.0,3,1119.64,13.13,3.0
2,2018-02-01,1.0,3,1375.36,14.1,3.0
2,2018-03-01,2.0,2,1272.54,11.84,4.0
2,2018-04-01,1.0,3,1309.09,12.13,1.0
2,2018-05-01,1.0,3,1301.98,19.52,3.0
2,2018-06-01,1.0,3,1039.54,13.41,2.0
2,2018-07-01,1.0,3,505.91,18.9,4.0
2,2018-08-01,5.0,3,353.47,15.88,4.0
2,2018-09-01,1.0,3,151.14,15.11,3.0
2,2018-10-01,1.0,3,182.49,17.15,2.0
2,2018-11-01,1.0,3,442.8,18.02,1.0
2,2018-12-01,4.0,3,943.4,11.75,7.0
2,2019-01-01,1.0,3,810.71,11.33,7.0
3,2016-01-01,4.0,3,85.46,122.41,16.0
3,2016-02-01,4.0,3,107.92,272.04,16.0
3,2016-03-01,2.0,3,75.52,440.23,17.0
3,2016-04-01,2.0,3,85.35,211.59,16.0
3,2016-05-01,2.0,3,90.02,262.81,15.0
3,2016-06-01,2.0,3,48.67,331.66,15.0
3,2016-07-01,1.0,3,35.73,383.84,11.0
3,2016-08-01,1.0,3,60.88,483.89,19.0
3,2016-09-01,1.0,3,29.56,708.14,23.0
3,2016-10-01,1.0,3,8.22,974.84,26.0
3,2016-11-01,2.0,3,3.95,329.3,19.0
3,2016-12-01,1.0,3,17.27,365.83,21.0
3,2017-01-01,2.0,3,7.41,275.53,17.0
3,2017-02-01,1.0,3,5.25,185.13,19.0
3,2017-03-01,1.0,3,1.67,121.68,15.0
3,2017-04-01,1.0,3,17.46,282.71,21.0
3,2017-05-01,2.0,3,24.8,340.13,26.0
3,2017-06-01,2.0,3,25.88,253.21,23.0
3,2017-07-01,1.0,3,4.85,1055.18,36.0
3,2017-08-01,1.0,3,21.82,1572.67,49.0
3,2017-09-01,1.0,3,3.29,1749.13,49.0
3,2017-10-01,1.0,3,3.18,1597.68,40.0
3,2017-11-01,3.0,3,14.04,1411.45,40.0
3,2017-12-01,1.0,3,9.0,661.93,40.0
3,2018-01-01,4.0,3,10.55,635.34,36.0
3,2018-02-01,1.0,3,2.31,342.5,21.0
3,2018-03-01,4.0,3,18.41,618.53,32.0
3,2018-04-01,1.0,3,101.31,830.5,37.0
3,2018-05-01,1.0,3,134.64,537.9,30.0
3,2018-06-01,1.0,3,163.73,416.34,18.0
3,2018-07-01,1.0,3,186.0,340.5,14.0
3,2018-08-01,1.0,3,234.4,1183.46,20.0
3,2018-09-01,1.0,3,333.07,779.4,17.0
3,2018-10-01,2.0,3,498.99,1310.08,21.0
5,2016-01-01,4.0,2,74.82,829.67,48.0
5,2016-02-01,1.0,2,160.4,481.43,47.0
5,2016-03-01,1.0,2,156.07,308.85,46.0
5,2016-04-01,1.0,2,165.72,289.46,39.0
5,2016-05-01,2.0,2,295.88,14.51,4.0
5,2016-06-01,1.0,2,75.87,11.21,2.0
5,2016-07-01,1.0,2,74.83,120.07,35.0
5,2016-08-01,1.0,2,64.56,50.92,27.0
5,2016-09-01,1.0,2,89.29,50.93,24.0
5,2016-10-01,2.0,2,223.26,14.39,2.0
5,2016-11-01,2.0,2,183.47,10.69,4.0
5,2016-12-01,1.0,2,142.36,53.64,21.0
5,2017-01-01,2.0,2,172.42,40.68,15.0
5,2017-02-01,2.0,2,220.27,12.93,3.0
5,2017-03-01,2.0,2,171.63,11.61,1.0
5,2017-04-01,2.0,2,137.87,11.21,4.0
5,2017-05-01,4.0,2,408.33,16.14,3.0
5,2017-06-01,6.0,2,995.56,15.69,4.0
5,2017-07-01,5.0,2,834.63,16.25,3.0
5,2017-08-01,2.0,2,320.24,15.13,4.0
5,2017-09-01,3.0,2,569.44,15.71,1.0
5,2017-10-01,4.0,2,638.83,16.52,1.0
5,2017-11-01,3.0,2,555.4,14.29,3.0
5,2017-12-01,3.0,2,528.23,19.81,4.0
5,2018-01-01,4.0,2,1060.78,14.63,3.0
5,2018-02-01,5.0,2,1390.78,10.86,2.0
5,2018-03-01,4.0,2,723.01,13.74,3.0
6,2016-01-01,11.0,2,178.27,10.17,2.0
6,2016-02-01,14.0,2,519.71,19.18,1.0
6,2016-03-01,12.0,2,525.9,14.99,3.0
6,2016-04-01,12.0,2,722.87,14.09,4.0
6,2016-05-01,12.0,2,592.5,17.83,3.0
6,2016-06-01,12.0,2,488.7,19.93,3.0
6,2016-07-01,9.0,2,789.44,11.3,4.0
6,2016-08-01,9.0,2,1619.58,12.84,4.0
6,2016-09-01,9.0,2,1100.52,0.0,0.0
6,2016-10-01,11.0,2,1360.57,15.67,3.0
6,2016-11-01,9.0,3,916.95,11.58,1.0
6,2016-12-01,5.0,2,673.31,16.34,4.0
6,2017-01-01,5.0,2,659.71,19.43,2.0
6,2017-02-01,5.0,3,235.24,12.89,3.0
6,2017-03-01,4.0,2,142.5,15.25,3.0
6,2017-04-01,4.0,2,192.4,20.96,12.0
6,2017-05-01,4.0,2,213.04,149.24,25.0
6,2017-06-01,5.0,2,460.32,197.51,19.0
6,2017-07-01,4.0,3,311.3,198.96,24.0
6,2017-08-01,4.0,3,364.46,118.04,22.0
6,2017-09-01,4.0,3,656.53,10.57,4.0
6,2017-10-01,5.0,3,626.03,19.1,3.0
6,2017-11-01,4.0,3,434.26,12.76,1.0
6,2017-12-01,5.0,2,303.1,15.64,1.0
6,2018-01-01,4.0,2,233.27,15.23,1.0
6,2018-02-01,6.0,2,345.32,19.69,1.0
6,2018-03-01,6.0,2,382.32,15.55,3.0
6,2018-04-01,6.0,2,262.55,11.06,1.0
7,2016-01-01,1.0,3,112.01,50.61,9.0
7,2016-02-01,1.0,3,137.62,214.64,16.0
7,2016-03-01,1.0,3,85.22,382.33,17.0
7,2016-04-01,2.0,3,48.58,535.22,21.0
7,2016-05-01,4.0,3,44.39,297.76,14.0
7,2016-06-01,3.0,3,36.49,709.94,18.0
7,2016-07-01,2.0,3,37.03,835.57,19.0
7,2016-08-01,5.0,3,20.86,1905.36,39.0
7,2016-09-01,3.0,3,21.85,2016.23,47.0
7,2016-10-01,1.0,3,2.13,2374.18,45.0
7,2016-11-01,0.0,3,0.0,3210.39,59.0
7,2016-12-01,0.0,3,0.0,3229.64,73.0
7,2017-01-01,0.0,3,0.0,5374.94,96.0
7,2017-02-01,0.0,3,0.0,6010.64,88.0
7,2017-03-01,0.0,3,0.0,4218.15,76.0
7,2017-04-01,0.0,3,0.0,5853.71,116.0
7,2017-05-01,0.0,3,0.0,6056.63,118.0
7,2017-06-01,0.0,3,0.0,5652.08,105.0
7,2017-07-01,0.0,3,0.0,7251.47,125.0
7,2017-08-01,0.0,3,0.0,4325.68,106.0
7,2017-09-01,0.0,3,0.0,2854.89,80.0
7,2017-10-01,0.0,3,0.0,2149.75,72.0
7,2017-11-01,0.0,3,0.0,2240.05,94.0
7,2017-12-01,0.0,3,0.0,1609.35,74.0
7,2018-01-01,0.0,3,0.0,2071.62,80.0
7,2018-02-01,0.0,3,0.0,1916.64,66.0
7,2018-03-01,0.0,3,0.0,1789.03,74.0
7,2018-04-01,0.0,3,0.0,1674.21,75.0
7,2018-05-01,0.0,3,0.0,2215.72,77.0
8,2016-01-01,1.0,2,512.21,13.28,4.0
8,2016-02-01,1.0,2,405.19,19.5,1.0
8,2016-03-01,1.0,2,456.4,12.58,4.0
8,2016-04-01,1.0,2,751.6,5.99,2.0
8,2016-05-01,1.0,2,1084.77,5.63,2.0
8,2016-06-01,1.0,2,1263.69,11.84,3.0
8,2016-07-01,2.0,2,1131.21,5.79,2.0
8,2016-08-01,2.0,2,1939.43,11.6,3.0
8,2016-09-01,3.0,2,2582.24,4.87,2.0
8,2016-10-01,3.0,2,2996.56,9.83,5.0
8,2016-11-01,2.0,2,2026.01,11.41,3.0
8,2016-12-01,2.0,2,1959.92,10.31,2.0
8,2017-01-01,2.0,2,1882.86,6.09,2.0
8,2017-02-01,2.0,2,1746.32,10.68,3.0
8,2017-03-01,2.0,2,1724.79,12.26,4.0
8,2017-04-01,3.0,2,3047.06,12.5,2.0
8,2017-05-01,5.0,2,3580.2,16.01,2.0
8,2017-06-01,5.0,2,2965.8,15.92,3.0
8,2017-07-01,5.0,2,3222.86,0.0,0.0
8,2017-08-01,7.0,2,3941.55,0.0,0.0
8,2017-09-01,6.0,2,3964.71,0.0,0.0
8,2017-10-01,9.0,2,3937.39,0.0,0.0
8,2017-11-01,6.0,2,4616.58,0.0,0.0
8,2017-12-01,7.0,2,3847.63,0.0,0.0
8,2018-01-01,6.0,2,3607.23,0.0,0.0
8,2018-02-01,6.0,2,3116.16,0.0,0.0
8,2018-03-01,5.0,2,2280.39,0.0,0.0
8,2018-04-01,4.0,2,2301.24,0.0,0.0
8,2018-05-01,5.0,2,2569.38,0.0,0.0
9,2016-01-01,14.0,2,2646.27,606.03,18.0
9,2016-02-01,12.0,2,3177.89,1234.36,26.0
9,2016-03-01,7.0,2,2141.96,992.12,17.0
9,2016-04-01,8.0,3,2264.12,1213.62,27.0
9,2016-05-01,4.0,3,1114.18,1447.19,28.0
9,2016-06-01,6.0,2,1329.58,1684.5,33.0
9,2016-07-01,5.0,3,1087.66,2148.62,41.0
9,2016-08-01,4.0,3,1012.22,2362.75,46.0
9,2016-09-01,5.0,3,1122.24,2218.33,43.0
9,2016-10-01,3.0,2,599.88,4607.64,63.0
9,2016-11-01,2.0,3,239.15,2893.76,49.0
9,2016-12-01,2.0,3,754.15,1855.43,42.0
9,2017-01-01,2.0,3,397.04,2061.83,39.0
9,2017-02-01,2.0,3,539.61,2961.3,42.0
9,2017-03-01,1.0,3,185.8,2313.25,30.0
9,2017-04-01,1.0,3,299.38,1566.89,26.0
9,2017-05-01,1.0,3,247.29,2141.42,26.0
9,2017-06-01,2.0,3,82.99,2123.78,23.0
9,2017-07-01,5.0,3,43.49,3779.86,31.0
9,2017-08-01,2.0,3,69.93,2473.14,29.0
9,2017-09-01,4.0,3,32.04,2289.7,28.0
9,2017-10-01,1.0,3,114.99,1068.98,16.0
9,2017-11-01,3.0,2,66.75,713.06,15.0
9,2017-12-01,4.0,3,27.76,921.62,20.0
9,2018-01-01,5.0,3,92.73,1188.35,25.0
9,2018-02-01,4.0,3,84.97,1720.25,32.0
9,2018-03-01,1.0,2,97.02,2266.83,53.0
9,2018-04-01,3.0,2,37.47,1822.04,44.0
9,2018-05-01,1.0,2,178.19,1327.44,38.0
9,2018-06-01,1.0,2,114.45,1651.98,30.0
9,2018-07-01,1.0,3,114.33,1855.61,29.0
9,2018-08-01,2.0,2,45.59,526.6,19.0
9,2018-09-01,2.0,2,26.27,224.36,17.0
9,2018-10-01,1.0,2,6.3,219.73,20.0
9,2018-11-01,1.0,2,10.84,140.43,15.0
9,2018-12-01,4.0,2,11.96,14.85,7.0
9,2019-01-01,1.0,2,6.27,15.98,4.0
9,2019-02-01,2.0,2,25.36,18.81,1.0
9,2019-03-01,1.0,2,13.99,17.34,4.0
10,2016-01-01,2.0,3,1962.65,1689.5,42.0
10,2016-02-01,1.0,3,3057.03,2913.13,61.0
10,2016-03-01,1.0,3,2267.67,1887.58,48.0
10,2016-04-01,1.0,3,1784.51,1396.04,33.0
10,2016-05-01,1.0,3,2096.24,1160.9,33.0
10,2016-06-01,2.0,3,2491.79,965.98,24.0
10,2016-07-01,2.0,3,2283.35,641.4,28.0
10,2016-08-01,1.0,4,2594.97,350.4,26.0
10,2016-09-01,1.0,3,1546.97,209.52,26.0
10,2016-10-01,1.0,3,855.81,34.55,18.0
10,2016-11-01,2.0,3,486.34,50.83,17.0
10,2016-12-01,4.0,4,335.24,51.99,18.0
10,2017-01-01,3.0,4,769.71,70.55,20.0
10,2017-02-01,2.0,4,377.32,198.38,25.0
10,2017-03-01,1.0,4,298.68,220.37,23.0
10,2017-04-01,1.0,4,286.14,1255.64,44.0
10,2017-05-01,1.0,4,363.09,1528.77,42.0
10,2017-06-01,1.0,4,692.35,2048.84,48.0
10,2017-07-01,2.0,4,793.85,2534.45,53.0
10,2017-08-01,1.0,4,670.23,2298.08,55.0
10,2017-09-01,2.0,4,608.73,1801.55,67.0
11,2016-01-01,3.0,3,609.92,4.19,2.0
11,2016-02-01,3.0,3,713.92,11.73,2.0
11,2016-03-01,2.0,3,274.23,35.43,3.0
11,2016-04-01,2.0,3,514.7,8.56,3.0
11,2016-05-01,3.0,3,891.65,61.22,5.0
11,2016-06-01,3.0,3,1181.63,40.56,4.0
11,2016-07-01,2.0,3,679.32,20.74,4.0
11,2016-08-01,1.0,3,386.95,79.13,7.0
11,2016-09-01,2.0,3,411.45,38.89,7.0
11,2016-10-01,1.0,3,146.87,19.64,4.0
11,2016-11-01,1.0,3,115.43,15.2,4.0
11,2016-12-01,1.0,3,83.47,14.05,5.0
11,2017-01-01,1.0,3,16.48,55.44,10.0
11,2017-02-01,2.0,3,19.29,16.06,2.0
11,2017-03-01,2.0,3,14.33,14.46,3.0
11,2017-04-01,1.0,3,16.28,17.5,4.0
11,2017-05-01,2.0,3,35.74,16.48,1.0
11,2017-06-01,4.0,3,43.15,14.79,1.0
11,2017-07-01,1.0,3,35.38,11.49,3.0
11,2017-08-01,1.0,3,49.93,17.62,1.0
11,2017-09-01,4.0,3,10.8,9.63,6.0
11,2017-10-01,1.0,3,8.17,62.16,9.0
11,2017-11-01,3.0,3,32.93,51.92,11.0
11,2017-12-01,3.0,3,13.99,46.51,11.0
11,2018-01-01,3.0,3,18.34,117.73,18.0
11,2018-02-01,1.0,3,3.95,203.8,16.0
11,2018-03-01,0.0,3,0.0,47.0,12.0
11,2018-04-01,0.0,3,0.0,13.98,5.0
11,2018-05-01,0.0,3,0.0,4.65,3.0
11,2018-06-01,0.0,3,0.0,13.95,1.0
11,2018-07-01,0.0,3,0.0,15.78,4.0
11,2018-08-01,0.0,3,0.0,18.52,5.0
11,2018-09-01,0.0,3,0.0,48.67,7.0
11,2018-10-01,0.0,3,0.0,164.13,15.0
11,2018-11-01,0.0,3,0.0,144.22,16.0
12,2016-01-01,0.0,2,0.0,520.88,61.0
12,2016-02-01,0.0,2,0.0,136.7,36.0
12,2016-03-01,0.0,2,0.0,224.15,33.0
12,2016-04-01,0.0,3,0.0,257.94,41.0
12,2016-05-01,0.0,3,0.0,595.45,45.0
12,2016-06-01,0.0,2,0.0,463.33,34.0
12,2016-07-01,0.0,3,0.0,289.82,35.0
12,2016-08-01,0.0,3,0.0,376.93,41.0
12,2016-09-01,1.0,3,3.79,424.76,35.0
12,2016-10-01,0.0,2,0.0,654.17,37.0
12,2016-11-01,0.0,3,0.0,280.31,24.0
12,2016-12-01,0.0,3,0.0,449.88,29.0
12,2017-01-01,1.0,3,2.01,474.94,25.0
12,2017-02-01,2.0,3,16.21,704.19,29.0
12,2017-03-01,1.0,3,11.56,543.25,22.0
12,2017-04-01,2.0,3,31.94,521.4,20.0
12,2017-05-01,4.0,3,52.05,277.23,13.0
12,2017-06-01,3.0,3,92.37,204.33,13.0
12,2017-07-01,3.0,3,176.22,94.38,10.0
12,2017-08-01,1.0,3,116.68,36.01,9.0
12,2017-09-01,1.0,3,8.25,41.23,8.0
12,2017-10-01,2.0,3,11.66,77.41,9.0
12,2017-11-01,1.0,3,6.07,17.71,5.0
13,2016-01-01,0.0,3,0.0,530.62,42.0
13,2016-02-01,0.0,3,0.0,445.88,43.0
13,2016-03-01,0.0,3,0.0,57.17,23.0
13,2016-04-01,0.0,3,0.0,145.72,34.0
13,2016-05-01,0.0,3,0.0,161.18,28.0
13,2016-06-01,0.0,3,0.0,46.74,19.0
13,2016-07-01,0.0,3,0.0,27.35,14.0
13,2016-08-01,1.0,3,2.13,11.79,3.0
13,2016-09-01,0.0,3,0.0,26.74,16.0
13,2016-10-01,0.0,3,0.0,16.0,3.0
13,2016-11-01,0.0,3,0.0,14.9,4.0
13,2016-12-01,1.0,3,2.14,12.07,2.0
13,2017-01-01,0.0,3,0.0,17.81,2.0
13,2017-02-01,1.0,3,8.28,18.81,3.0
13,2017-03-01,0.0,3,0.0,15.81,1.0
13,2017-04-01,1.0,3,7.97,11.52,1.0
13,2017-05-01,1.0,3,5.39,11.45,4.0
13,2017-06-01,1.0,3,10.92,18.21,1.0
13,2017-07-01,1.0,3,7.83,0.0,0.0
13,2017-08-01,4.0,3,13.29,18.17,3.0
13,2017-09-01,1.0,3,51.23,0.0,0.0
14,2016-01-01,0.0,3,0.0,1853.05,56.0
14,2016-02-01,0.0,3,0.0,965.39,47.0
14,2016-03-01,0.0,3,0.0,806.16,42.0
14,2016-04-01,0.0,3,0.0,528.58,33.0
14,2016-05-01,0.0,4,0.0,761.87,32.0
14,2016-06-01,0.0,3,0.0,206.78,20.0
14,2016-07-01,0.0,3,0.0,184.29,19.0
14,2016-08-01,0.0,3,0.0,173.96,16.0
14,2016-09-01,0.0,3,0.0,147.53,23.0
14,2016-10-01,0.0,3,0.0,329.89,34.0
14,2016-11-01,0.0,3,0.0,103.59,21.0
14,2016-12-01,0.0,3,0.0,82.5,21.0
14,2017-01-01,0.0,4,0.0,135.57,25.0
14,2017-02-01,0.0,3,0.0,27.6,13.0
14,2017-03-01,0.0,4,0.0,97.91,21.0
14,2017-04-01,0.0,4,0.0,224.49,31.0
14,2017-05-01,0.0,4,0.0,198.25,26.0
14,2017-06-01,0.0,4,0.0,534.18,28.0
14,2017-07-01,0.0,4,0.0,625.42,23.0
14,2017-08-01,0.0,4,0.0,551.01,20.0
14,2017-09-01,0.0,4,0.0,1337.37,36.0
14,2017-10-01,0.0,4,0.0,1944.05,48.0
14,2017-11-01,0.0,4,0.0,1631.28,44.0
14,2017-12-01,0.0,4,0.0,1248.2,35.0
14,2018-01-01,0.0,4,0.0,1395.65,49.0
14,2018-02-01,0.0,4,0.0,848.38,29.0
14,2018-03-01,0.0,3,0.0,1503.39,34.0
14,2018-04-01,0.0,3,0.0,921.52,37.0
14,2018-05-01,0.0,3,0.0,1296.68,31.0
14,2018-06-01,0.0,3,0.0,1557.86,35.0
14,2018-07-01,0.0,4,0.0,1999.88,42.0
15,2016-01-01,1.0,2,386.66,395.86,28.0
15,2016-02-01,5.0,2,648.1,695.08,39.0
15,2016-03-01,3.0,2,608.77,1554.43,51.0
15,2016-04-01,1.0,2,643.51,2415.79,72.0
15,2016-05-01,1.0,2,368.94,1117.36,46.0
15,2016-06-01,5.0,2,345.11,2472.83,64.0
15,2016-07-01,1.0,3,357.4,3645.51,84.0
15,2016-08-01,2.0,3,791.81,3292.7,95.0
15,2016-09-01,2.0,3,311.24,2412.28,72.0
15,2016-10-01,1.0,2,315.71,2018.3,54.0
15,2016-11-01,1.0,3,725.19,2104.17,62.0
15,2016-12-01,1.0,3,857.03,1382.52,41.0
15,2017-01-01,1.0,3,1158.26,1434.7,40.0
15,2017-02-01,2.0,3,1369.1,1072.01,34.0
15,2017-03-01,1.0,3,1060.98,930.76,29.0
15,2017-04-01,1.0,3,1122.5,1087.32,27.0
15,2017-05-01,1.0,3,1462.97,1003.27,19.0
15,2017-06-01,2.0,3,1926.24,730.49,18.0
15,2017-07-01,2.0,3,1887.62,1044.87,20.0
15,2017-08-01,4.0,3,2336.22,1038.47,27.0
15,2017-09-01,4.0,3,2492.66,604.71,31.0
15,2017-10-01,5.0,3,1974.94,520.83,28.0
15,2017-11-01,2.0,3,799.73,487.41,32.0
15,2017-12-01,2.0,3,823.65,518.29,34.0
15,2018-01-01,2.0,3,683.6,408.4,31.0
15,2018-02-01,1.0,3,530.3,845.04,33.0
15,2018-03-01,1.0,2,283.93,347.51,30.0
15,2018-04-01,4.0,2,235.05,184.08,23.0
15,2018-05-01,3.0,2,79.66,189.85,27.0
15,2018-06-01,5.0,2,63.72,146.81,22.0
15,2018-07-01,1.0,3,95.87,116.34,15.0
15,2018-08-01,4.0,2,34.57,61.46,13.0
15,2018-09-01,1.0,2,55.4,67.18,15.0
15,2018-10-01,1.0,2,28.9,84.7,18.0
15,2018-11-01,2.0,2,62.12,125.99,31.0
15,2018-12-01,3.0,3,21.47,37.89,21.0
15,2019-01-01,2.0,2,14.08,73.74,19.0
15,2019-02-01,1.0,3,3.37,130.46,28.0
15,2019-03-01,0.0,2,0.0,268.46,30.0
15,2019-04-01,1.0,2,3.15,574.42,42.0
15,2019-05-01,0.0,2,0.0,643.43,45.0
15,2019-06-01,0.0,3,0.0,590.15,41.0
16,2016-01-01,0.0,3,0.0,1262.03,68.0
16,2016-02-01,2.0,3,17.46,1191.01,74.0
16,2016-03-01,0.0,3,0.0,1448.95,68.0
16,2016-04-01,0.0,3,0.0,2434.89,98.0
16,2016-05-01,0.0,3,0.0,2127.99,91.0
16,2016-06-01,0.0,3,0.0,1340.84,83.0
16,2016-07-01,0.0,3,0.0,589.41,67.0
16,2016-08-01,0.0,3,0.0,808.61,78.0
16,2016-09-01,0.0,3,0.0,390.42,76.0
16,2016-10-01,0.0,2,0.0,114.45,48.0
16,2016-11-01,0.0,3,0.0,136.22,49.0
16,2016-12-01,0.0,3,0.0,19.62,4.0
16,2017-01-01,0.0,3,0.0,143.09,59.0
16,2017-02-01,0.0,3,0.0,595.16,69.0
16,2017-03-01,0.0,3,0.0,280.49,68.0
16,2017-04-01,0.0,3,0.0,126.21,53.0
16,2017-05-01,0.0,3,0.0,10.15,2.0
16,2017-06-01,0.0,3,0.0,14.08,2.0
16,2017-07-01,0.0,3,0.0,16.3,3.0
16,2017-08-01,0.0,3,0.0,58.44,36.0
16,2017-09-01,1.0,3,20.94,289.01,47.0
16,2017-10-01,1.0,3,51.78,316.16,52.0
17,2016-01-01,5.0,3,295.36,1510.78,44.0
17,2016-02-01,3.0,3,126.74,1322.06,39.0
17,2016-03-01,3.0,3,109.97,2526.09,63.0
17,2016-04-01,1.0,3,29.34,918.02,42.0
17,2016-05-01,0.0,3,0.0,1102.93,36.0
17,2016-06-01,1.0,3,4.48,1823.48,42.0
17,2016-07-01,1.0,3,24.2,2510.47,58.0
17,2016-08-01,1.0,3,41.14,1783.33,44.0
17,2016-09-01,1.0,3,17.72,1712.04,34.0
17,2016-10-01,1.0,3,5.35,1992.8,32.0
17,2016-11-01,1.0,3,5.6,2088.67,29.0
17,2016-12-01,1.0,3,6.3,3471.42,37.0
17,2017-01-01,3.0,3,50.89,2773.27,34.0
17,2017-02-01,4.0,3,62.27,2089.42,31.0
17,2017-03-01,3.0,3,78.46,1066.54,25.0
17,2017-04-01,5.0,3,281.25,1363.48,34.0
17,2017-05-01,3.0,3,74.85,473.34,18.0
17,2017-06-01,4.0,3,166.81,482.97,25.0
17,2017-07-01,2.0,3,36.85,776.22,23.0
17,2017-08-01,2.0,3,151.51,899.98,31.0
17,2017-09-01,1.0,3,146.56,637.07,33.0
17,2017-10-01,1.0,3,58.93,1126.4,41.0
17,2017-11-01,1.0,3,24.56,1392.3,55.0
17,2017-12-01,1.0,3,33.6,1143.23,43.0
17,2018-01-01,1.0,3,73.03,1202.91,47.0
17,2018-02-01,1.0,3,51.59,1308.49,51.0
17,2018-03-01,2.0,3,64.02,824.97,48.0
17,2018-04-01,1.0,3,27.5,900.07,46.0
17,2018-05-01,2.0,3,117.94,1271.53,47.0
17,2018-06-01,1.0,3,71.52,1176.95,46.0
17,2018-07-01,1.0,3,14.99,1006.93,34.0
17,2018-08-01,1.0,3,4.3,2030.19,49.0
17,2018-09-01,2.0,3,14.26,2498.76,51.0
17,2018-10-01,1.0,3,51.3,2396.94,64.0
17,2018-11-01,1.0,3,27.34,3684.24,90.0
17,2018-12-01,1.0,3,62.61,4603.31,121.0
18,2016-01-01,1.0,3,5.99,885.57,23.0
18,2016-02-01,0.0,3,0.0,482.81,13.0
18,2016-03-01,1.0,3,2.9,984.43,22.0
18,2016-04-01,0.0,3,0.0,654.21,19.0
18,2016-05-01,0.0,3,0.0,566.16,14.0
18,2016-06-01,0.0,3,0.0,1034.08,17.0
18,2016-07-01,0.0,3,0.0,530.04,11.0
18,2016-08-01,0.0,3,0.0,480.84,11.0
18,2016-09-01,0.0,3,0.0,722.03,15.0
18,2016-10-01,0.0,3,0.0,194.46,5.0
18,2016-11-01,0.0,3,0.0,88.91,4.0
18,2016-12-01,0.0,3,0.0,96.05,4.0
18,2017-01-01,0.0,3,0.0,92.9,6.0
18,2017-02-01,0.0,3,0.0,15.96,3.0
18,2017-03-01,0.0,3,0.0,5.18,3.0
18,2017-04-01,0.0,3,0.0,33.58,3.0
18,2017-05-01,1.0,3,5.12,126.41,6.0
18,2017-06-01,1.0,3,7.5,67.7,7.0
18,2017-07-01,2.0,3,22.71,62.2,9.0
18,2017-08-01,0.0,3,0.0,12.07,4.0
19,2016-01-01,3.0,3,17.05,16.6,3.0
19,2016-02-01,3.0,3,13.43,15.7,1.0
19,2016-03-01,3.0,3,13.26,19.2,8.0
19,2016-04-01,2.0,3,19.01,53.06,9.0
19,2016-05-01,1.0,3,17.44,122.33,11.0
19,2016-06-01,4.0,3,27.22,371.97,12.0
19,2016-07-01,1.0,3,18.51,387.66,17.0
19,2016-08-01,3.0,3,13.8,111.59,10.0
19,2016-09-01,2.0,3,13.7,13.1,8.0
19,2016-10-01,1.0,3,12.93,14.83,4.0
19,2016-11-01,1.0,3,3.98,22.48,6.0
19,2016-12-01,1.0,3,14.93,12.78,3.0
19,2017-01-01,1.0,3,9.88,11.75,2.0
19,2017-02-01,1.0,3,22.31,10.56,3.0
19,2017-03-01,3.0,3,27.81,21.76,10.0
19,2017-04-01,1.0,3,72.34,19.59,2.0
19,2017-05-01,2.0,3,62.29,10.59,4.0
19,2017-06-01,1.0,3,13.37,10.6,2.0
19,2017-07-01,3.0,3,47.24,16.61,1.0
19,2017-08-01,4.0,3,167.79,40.3,22.0
19,2017-09-01,4.0,3,98.71,14.86,2.0
19,2017-10-01,1.0,3,125.05,64.27,23.0
19,2017-11-01,4.0,3,114.11,11.58,3.0
19,2017-12-01,4.0,3,126.32,10.53,1.0
19,2018-01-01,1.0,3,601.03,10.85,3.0
19,2018-02-01,2.0,3,1030.63,13.04,1.0
19,2018-03-01,2.0,3,1070.91,19.52,4.0
19,2018-04-01,2.0,3,900.06,87.45,25.0
19,2018-05-01,2.0,3,904.35,33.98,12.0
19,2018-06-01,2.0,3,739.52,69.85,11.0
19,2018-07-01,2.0,3,1072.0,185.24,17.0
19,2018-08-01,2.0,3,817.87,305.58,17.0
19,2018-09-01,1.0,3,585.52,391.63,21.0
19,2018-10-01,2.0,3,874.53,707.71,25.0
19,2018-11-01,1.0,3,783.0,937.26,34.0
19,2018-12-01,1.0,3,212.25,761.47,29.0
19,2019-01-01,1.0,3,119.26,1331.34,36.0
20,2016-01-01,3.0,2,154.19,0.0,0.0
20,2016-02-01,2.0,2,137.22,15.44,1.0
20,2016-03-01,1.0,2,97.74,15.15,3.0
20,2016-04-01,1.0,3,59.51,17.43,2.0
20,2016-05-01,1.0,3,17.74,12.88,3.0
20,2016-06-01,4.0,2,18.45,11.26,4.0
20,2016-07-01,1.0,3,76.15,13.93,4.0
20,2016-08-01,1.0,3,136.55,18.97,2.0
20,2016-09-01,3.0,3,795.79,10.61,2.0
20,2016-10-01,4.0,3,716.83,56.17,23.0
20,2016-11-01,5.0,3,833.88,174.43,33.0
20,2016-12-01,3.0,3,831.44,151.71,31.0
20,2017-01-01,2.0,3,405.41,139.04,25.0
20,2017-02-01,3.0,3,938.1,146.91,34.0
20,2017-03-01,3.0,3,733.66,97.07,42.0
20,2017-04-01,3.0,3,399.21,287.65,50.0
20,2017-05-01,3.0,3,194.84,53.26,20.0
20,2017-06-01,2.0,3,122.45,52.54,15.0
20,2017-07-01,2.0,3,125.9,19.94,1.0
20,2017-08-01,1.0,3,7.67,19.98,10.0
20,2017-09-01,1.0,3,50.71,13.0,3.0
20,2017-10-01,1.0,3,67.72,16.18,3.0
20,2017-11-01,1.0,3,172.8,19.01,2.0
20,2017-12-01,1.0,3,107.26,10.78,4.0
20,2018-01-01,1.0,3,60.37,11.94,1.0
20,2018-02-01,1.0,3,40.18,17.12,2.0
20,2018-03-01,1.0,3,43.53,19.24,4.0
20,2018-04-01,1.0,3,33.91,19.87,4.0
20,2018-05-01,2.0,3,220.42,18.71,4.0
20,2018-06-01,3.0,3,590.56,0.0,0.0
20,2018-07-01,2.0,3,147.68,0.0,0.0
20,2018-08-01,1.0,3,7.67,0.0,0.0
20,2018-09-01,0.0,3,0.0,0.0,0.0
20,2018-10-01,1.0,3,7.25,0.0,0.0
20,2018-11-01,1.0,3,4.89,0.0,0.0
20,2018-12-01,1.0,3,6.67,0.0,0.0
21,2016-01-01,1.0,3,372.66,291.45,16.0
21,2016-02-01,4.0,3,405.14,725.05,21.0
21,2016-03-01,2.0,3,334.08,772.66,17.0
21,2016-04-01,5.0,3,467.9,483.51,17.0
21,2016-05-01,2.0,3,297.51,428.8,15.0
21,2016-06-01,3.0,3,38.99,398.63,9.0
21,2016-07-01,1.0,3,27.03,595.58,14.0
21,2016-08-01,3.0,3,209.83,532.03,16.0
21,2016-09-01,2.0,3,154.49,697.17,19.0
21,2016-10-01,1.0,3,673.75,957.96,24.0
21,2016-11-01,1.0,3,479.31,1397.74,33.0
21,2016-12-01,2.0,3,484.95,1854.5,36.0
21,2017-01-01,1.0,3,548.57,3076.48,43.0
21,2017-02-01,1.0,3,624.65,2335.93,38.0
21,2017-03-01,1.0,3,502.19,2260.64,42.0
21,2017-04-01,1.0,3,807.26,4338.49,66.0
21,2017-05-01,1.0,3,968.49,5196.98,65.0
21,2017-06-01,1.0,3,1106.12,5382.98,77.0
21,2017-07-01,1.0,3,1289.23,6709.64,72.0
21,2017-08-01,1.0,3,1578.38,7075.86,90.0
21,2017-09-01,1.0,3,2198.1,5780.89,94.0
21,2017-10-01,2.0,3,1670.74,4571.13,80.0
21,2017-11-01,1.0,3,1440.69,3419.31,92.0
21,2017-12-01,1.0,3,698.57,3736.34,92.0
21,2018-01-01,1.0,3,540.27,3896.25,92.0
21,2018-02-01,3.0,3,417.81,2963.47,75.0
21,2018-03-01,2.0,3,416.08,1599.22,62.0
21,2018-04-01,1.0,3,366.64,967.93,41.0
21,2018-05-01,1.0,3,286.49,1004.1,35.0
21,2018-06-01,2.0,3,233.31,848.15,32.0
21,2018-07-01,4.0,3,288.59,868.94,39.0
21,2018-08-01,3.0,3,600.26,706.6,38.0
21,2018-09-01,4.0,3,703.72,1116.65,46.0
21,2018-10-01,1.0,3,1079.76,1303.0,46.0
21,2018-11-01,1.0,3,1166.43,1920.43,56.0
21,2018-12-01,3.0,3,884.59,2404.78,57.0
21,2019-01-01,4.0,3,553.2,4482.09,73.0
22,2016-01-01,1.0,2,908.49,10.9,4.0
22,2016-02-01,4.0,2,816.46,18.55,2.0
22,2016-03-01,1.0,2,496.42,15.75,1.0
22,2016-04-01,1.0,2,226.38,12.26,2.0
22,2016-05-01,1.0,2,227.08,14.68,3.0
22,2016-06-01,3.0,2,198.18,11.1,3.0
22,2016-07-01,2.0,2,221.39,17.5,2.0
22,2016-08-01,2.0,3,337.86,11.77,3.0
22,2016-09-01,4.0,2,132.35,86.66,36.0
22,2016-10-01,4.0,2,25.27,16.88,2.0
22,2016-11-01,3.0,3,22.33,14.28,2.0
22,2016-12-01,1.0,2,6.95,104.23,30.0
22,2017-01-01,0.0,2,0.0,98.51,32.0
22,2017-02-01,0.0,2,0.0,81.59,35.0
22,2017-03-01,1.0,2,3.52,14.77,2.0
22,2017-04-01,0.0,2,0.0,18.65,2.0
22,2017-05-01,1.0,2,2.19,10.69,1.0
22,2017-06-01,2.0,2,3.37,18.26,3.0
22,2017-07-01,1.0,2,3.36,17.25,4.0
22,2017-08-01,1.0,2,5.15,16.24,1.0
22,2017-09-01,1.0,2,11.15,17.39,2.0
22,2017-10-01,2.0,2,19.25,38.61,16.0
22,2017-11-01,3.0,2,65.94,36.43,13.0
22,2017-12-01,1.0,3,64.86,97.42,16.0
22,2018-01-01,1.0,3,9.69,42.82,10.0
23,2016-01-01,4.0,3,23.58,151.63,24.0
23,2016-02-01,1.0,3,30.27,354.1,31.0
23,2016-03-01,3.0,3,130.11,414.13,22.0
23,2016-04-01,2.0,3,49.78,341.05,27.0
23,2016-05-01,2.0,3,16.23,777.3,30.0
23,2016-06-01,1.0,3,16.76,613.84,28.0
23,2016-07-01,1.0,3,29.56,376.64,39.0
23,2016-08-01,1.0,3,4.29,387.88,31.0
23,2016-09-01,1.0,3,20.14,1209.88,48.0
23,2016-10-01,5.0,3,13.97,1910.98,46.0
23,2016-11-01,1.0,3,4.99,2216.68,52.0
23,2016-12-01,1.0,3,3.03,552.35,26.0
23,2017-01-01,1.0,3,2.41,325.74,20.0
23,2017-02-01,0.0,3,0.0,81.44,13.0
23,2017-03-01,0.0,3,0.0,91.78,16.0
23,2017-04-01,0.0,3,0.0,106.25,20.0
23,2017-05-01,0.0,3,0.0,554.67,32.0
23,2017-06-01,1.0,3,2.58,231.57,21.0
23,2017-07-01,0.0,3,0.0,384.43,19.0
23,2017-08-01,0.0,3,0.0,306.46,22.0
23,2017-09-01,0.0,3,0.0,101.03,15.0
23,2017-10-01,0.0,3,0.0,412.14,23.0
23,2017-11-01,0.0,3,0.0,490.0,32.0
23,2017-12-01,1.0,3,2.93,383.28,27.0
23,2018-01-01,0.0,3,0.0,932.34,40.0
23,2018-02-01,0.0,3,0.0,542.78,33.0
23,2018-03-01,0.0,3,0.0,541.29,45.0
23,2018-04-01,0.0,3,0.0,173.83,28.0
23,2018-05-01,0.0,3,0.0,520.23,33.0
23,2018-06-01,0.0,3,0.0,1189.81,55.0
23,2018-07-01,0.0,3,0.0,1952.26,48.0
24,2016-01-01,8.0,3,2831.21,140.4,14.0
24,2016-02-01,8.0,3,2909.08,225.79,14.0
24,2016-03-01,9.0,2,3104.01,51.99,7.0
24,2016-04-01,13.0,3,4754.48,26.77,5.0
24,2016-05-01,14.0,3,5109.39,99.49,7.0
24,2016-06-01,17.0,3,7003.44,230.11,10.0
24,2016-07-01,16.0,3,5817.44,1347.72,23.0
24,2016-08-01,12.0,3,4914.64,1870.27,31.0
24,2016-09-01,16.0,3,4992.28,1700.64,35.0
24,2016-10-01,15.0,3,3473.22,3127.21,41.0
24,2016-11-01,13.0,3,1933.43,2502.11,38.0
24,2016-12-01,9.0,3,1887.75,2655.62,49.0
24,2017-01-01,12.0,3,2733.27,2393.35,41.0
24,2017-02-01,13.0,3,3197.98,1740.66,37.0
24,2017-03-01,13.0,3,2727.96,2072.93,46.0
24,2017-04-01,12.0,3,2802.26,2067.42,43.0
24,2017-05-01,10.0,3,3493.84,1862.79,46.0
24,2017-06-01,11.0,3,4188.69,1417.77,40.0
24,2017-07-01,7.0,3,3038.6,1444.92,36.0
24,2017-08-01,8.0,3,2951.89,1094.92,30.0
24,2017-09-01,7.0,3,2594.45,943.3,27.0
24,2017-10-01,6.0,3,2386.52,1563.38,38.0
24,2017-11-01,7.0,3,3120.47,1826.8,47.0
24,2017-12-01,7.0,3,2443.8,1294.09,43.0
24,2018-01-01,6.0,3,2032.2,1950.0,68.0
24,2018-02-01,5.0,3,1313.35,1212.11,45.0
24,2018-03-01,6.0,3,1546.5,1017.22,39.0
24,2018-04-01,8.0,3,2870.75,692.16,32.0
24,2018-05-01,7.0,3,2397.59,1273.08,31.0
24,2018-06-01,8.0,3,3410.63,929.73,26.0
24,2018-07-01,10.0,3,3429.75,582.65,20.0
24,2018-08-01,8.0,3,2524.44,297.67,18.0
24,2018-09-01,8.0,3,3044.72,158.18,15.0
24,2018-10-01,6.0,3,2024.64,178.64,21.0
24,2018-11-01,5.0,3,1977.64,267.56,21.0
24,2018-12-01,5.0,3,2019.44,178.6,17.0
25,2016-01-01,6.0,2,3667.34,31.85,11.0
25,2016-02-01,8.0,2,5225.31,42.43,16.0
25,2016-03-01,6.0,2,4670.34,52.18,14.0
25,2016-04-01,5.0,2,3851.87,30.83,13.0
25,2016-05-01,3.0,2,2665.91,16.87,3.0
25,2016-06-01,3.0,2,3014.72,57.8,10.0
25,2016-07-01,2.0,2,2273.87,182.29,13.0
25,2016-08-01,2.0,2,2553.46,368.08,22.0
25,2016-09-01,1.0,2,1245.89,616.13,27.0
25,2016-10-01,1.0,2,2160.56,1467.3,30.0
25,2016-11-01,2.0,2,881.81,860.48,31.0
25,2016-12-01,1.0,3,2019.39,967.55,29.0
25,2017-01-01,1.0,3,963.6,1016.0,30.0
25,2017-02-01,1.0,2,874.25,1797.67,37.0
25,2017-03-01,3.0,2,495.05,1335.16,28.0
25,2017-04-01,4.0,2,445.89,2416.7,47.0
25,2017-05-01,2.0,3,741.98,2986.67,47.0
25,2017-06-01,3.0,3,1092.29,2822.5,42.0
25,2017-07-01,1.0,3,872.57,2317.49,29.0
25,2017-08-01,2.0,3,772.84,552.61,15.0
25,2017-09-01,1.0,3,915.17,855.91,16.0
25,2017-10-01,1.0,3,644.91,1446.94,13.0
26,2016-01-01,3.0,2,133.37,973.2,30.0
26,2016-02-01,4.0,2,263.42,1965.75,36.0
26,2016-03-01,3.0,2,209.55,2891.4,38.0
26,2016-04-01,3.0,2,256.21,1116.55,32.0
26,2016-05-01,1.0,2,155.52,607.75,25.0
26,2016-06-01,2.0,2,173.42,820.5,24.0
26,2016-07-01,2.0,3,325.14,982.3,30.0
26,2016-08-01,1.0,2,165.66,211.18,13.0
26,2016-09-01,3.0,2,423.94,34.63,8.0
26,2016-10-01,5.0,2,1276.49,45.4,7.0
26,2016-11-01,6.0,3,1508.63,15.27,5.0
26,2016-12-01,5.0,3,2111.1,12.94,1.0
26,2017-01-01,8.0,3,2577.07,3.06,2.0
26,2017-02-01,9.0,3,2498.35,18.96,4.0
26,2017-03-01,6.0,3,2084.17,18.24,2.0
26,2017-04-01,3.0,3,851.95,17.09,4.0
26,2017-05-01,2.0,3,785.79,13.8,3.0
26,2017-06-01,1.0,3,186.28,9.44,1.0
26,2017-07-01,1.0,3,238.7,13.35,1.0
26,2017-08-01,2.0,3,376.11,3.15,1.0
26,2017-09-01,1.0,3,118.62,3.56,1.0
26,2017-10-01,1.0,3,66.75,6.06,1.0
26,2017-11-01,1.0,3,18.99,61.83,1.0
26,2017-12-01,1.0,3,40.93,26.68,1.0
26,2018-01-01,1.0,3,72.72,95.37,2.0
26,2018-02-01,1.0,3,9.1,515.66,4.0
26,2018-03-01,1.0,2,8.38,413.62,4.0
26,2018-04-01,0.0,2,0.0,541.23,5.0
26,2018-05-01,1.0,2,8.49,391.51,4.0
26,2018-06-01,2.0,2,32.87,222.63,3.0
26,2018-07-01,1.0,2,71.88,290.4,3.0
26,2018-08-01,1.0,2,137.88,355.59,6.0
26,2018-09-01,2.0,2,164.88,413.49,4.0
26,2018-10-01,1.0,2,162.66,263.34,3.0
26,2018-11-01,2.0,2,98.1,843.92,7.0
26,2018-12-01,1.0,2,74.77,299.17,3.0
26,2019-01-01,2.0,2,119.4,220.77,3.0
26,2019-02-01,1.0,2,53.65,234.04,5.0
26,2019-03-01,1.0,2,46.69,63.88,4.0
27,2016-01-01,4.0,2,37.8,534.37,16.0
27,2016-02-01,2.0,2,65.18,1503.94,29.0
27,2016-03-01,3.0,2,36.3,642.5,20.0
27,2016-04-01,2.0,3,40.24,740.04,32.0
27,2016-05-01,2.0,3,30.12,945.46,31.0
27,2016-06-01,1.0,2,179.13,505.33,19.0
27,2016-07-01,1.0,3,136.69,621.82,22.0
27,2016-08-01,2.0,3,180.65,719.06,25.0
27,2016-09-01,4.0,3,173.88,466.01,17.0
27,2016-10-01,1.0,2,303.71,283.9,11.0
27,2016-11-01,4.0,3,206.87,561.09,18.0
27,2016-12-01,1.0,3,174.75,58.57,8.0
27,2017-01-01,1.0,3,131.05,65.88,10.0
27,2017-02-01,1.0,3,69.41,75.29,12.0
27,2017-03-01,3.0,3,87.85,98.23,15.0
27,2017-04-01,1.0,3,140.75,113.09,17.0
27,2017-05-01,2.0,3,62.51,118.35,16.0
27,2017-06-01,1.0,3,20.43,113.95,17.0
27,2017-07-01,3.0,3,14.64,38.03,14.0
27,2017-08-01,3.0,3,175.01,56.46,14.0
27,2017-09-01,2.0,3,100.89,23.17,11.0
27,2017-10-01,1.0,3,97.0,16.35,2.0
27,2017-11-01,1.0,3,47.54,14.23,2.0
27,2017-12-01,2.0,3,80.73,10.33,2.0
27,2018-01-01,4.0,3,102.96,49.14,18.0
27,2018-02-01,2.0,3,14.71,68.19,25.0
27,2018-03-01,1.0,2,13.08,18.19,2.0
27,2018-04-01,1.0,2,24.84,13.97,4.0
27,2018-05-01,4.0,2,61.17,13.3,1.0
28,2016-01-01,1.0,2,191.88,824.11,33.0
28,2016-02-01,1.0,2,271.29,946.99,30.0
28,2016-03-01,1.0,2,683.56,594.16,32.0
28,2016-04-01,3.0,3,1415.93,664.68,42.0
28,2016-05-01,2.0,3,922.96,338.24,38.0
28,2016-06-01,3.0,2,1151.85,18.76,3.0
28,2016-07-01,2.0,3,695.91,57.53,33.0
28,2016-08-01,1.0,3,337.72,17.24,1.0
28,2016-09-01,1.0,3,459.99,39.99,24.0
28,2016-10-01,2.0,2,874.2,44.87,21.0
28,2016-11-01,1.0,3,389.84,11.66,3.0
28,2016-12-01,1.0,3,633.38,16.4,1.0
28,2017-01-01,2.0,3,318.43,13.95,4.0
28,2017-02-01,1.0,3,402.91,10.02,4.0
28,2017-03-01,1.0,3,396.61,15.02,1.0
28,2017-04-01,3.0,3,146.26,98.85,34.0
28,2017-05-01,2.0,3,30.47,188.43,36.0
28,2017-06-01,4.0,3,133.36,490.46,53.0
28,2017-07-01,1.0,3,111.12,612.49,52.0
28,2017-08-01,1.0,3,150.56,270.55,44.0
28,2017-09-01,1.0,3,316.04,260.86,36.0
28,2017-10-01,1.0,3,860.91,376.17,49.0
28,2017-11-01,3.0,3,1375.69,955.97,73.0
28,2017-12-01,4.0,3,2181.98,1065.21,70.0
28,2018-01-01,4.0,3,1392.94,1356.24,94.0
28,2018-02-01,3.0,3,1400.11,1999.41,87.0
28,2018-03-01,3.0,3,1117.69,1851.74,106.0
28,2018-04-01,2.0,3,904.54,1368.72,96.0
28,2018-05-01,2.0,3,540.06,1401.26,85.0
28,2018-06-01,2.0,2,571.28,1352.85,78.0
28,2018-07-01,2.0,3,477.57,945.71,53.0
30,2016-01-01,1.0,2,18.86,276.21,40.0
30,2016-02-01,1.0,2,15.21,624.29,58.0
30,2016-03-01,1.0,2,7.06,608.08,56.0
30,2016-04-01,0.0,2,0.0,662.89,67.0
30,2016-05-01,0.0,2,0.0,221.69,46.0
30,2016-06-01,0.0,2,0.0,181.43,47.0
30,2016-07-01,0.0,2,0.0,10.93,3.0
30,2016-08-01,0.0,2,0.0,304.77,55.0
30,2016-09-01,0.0,2,0.0,569.05,63.0
30,2016-10-01,0.0,2,0.0,409.52,57.0
30,2016-11-01,0.0,2,0.0,15.9,3.0
30,2016-12-01,0.0,2,0.0,13.68,3.0
30,2017-01-01,0.0,2,0.0,11.13,3.0
30,2017-02-01,0.0,2,0.0,17.25,3.0
30,2017-03-01,0.0,2,0.0,16.31,3.0
30,2017-04-01,0.0,2,0.0,17.77,4.0
30,2017-05-01,0.0,2,0.0,15.45,2.0
30,2017-06-01,0.0,2,0.0,14.36,4.0
30,2017-07-01,0.0,2,0.0,19.82,3.0
30,2017-08-01,0.0,2,0.0,14.6,4.0
30,2017-09-01,0.0,2,0.0,12.94,4.0
30,2017-10-01,0.0,2,0.0,18.05,1.0
30,2017-11-01,0.0,2,0.0,13.44,4.0
30,2017-12-01,0.0,2,0.0,12.85,4.0
30,2018-01-01,0.0,2,0.0,16.59,4.0
30,2018-02-01,0.0,2,0.0,11.28,4.0
30,2018-03-01,0.0,2,0.0,39.39,23.0
31,2016-01-01,1.0,3,249.68,63.8,8.0
31,2016-02-01,1.0,3,360.15,70.83,7.0
31,2016-03-01,1.0,3,178.24,389.95,14.0
31,2016-04-01,1.0,3,267.74,325.89,15.0
31,2016-05-01,1.0,3,211.61,167.96,9.0
31,2016-06-01,1.0,3,178.81,240.55,11.0
31,2016-07-01,1.0,3,343.7,358.4,12.0
31,2016-08-01,1.0,3,339.38,82.93,8.0
31,2016-09-01,1.0,3,316.81,6.92,3.0
31,2016-10-01,1.0,3,324.54,61.89,4.0
31,2016-11-01,1.0,3,270.51,27.51,4.0
31,2016-12-01,1.0,3,522.16,105.67,7.0
31,2017-01-01,2.0,3,525.01,61.85,4.0
31,2017-02-01,2.0,3,270.8,43.86,2.0
31,2017-03-01,1.0,3,225.57,139.27,5.0
31,2017-04-01,2.0,3,740.03,160.58,10.0
31,2017-05-01,2.0,3,710.58,308.09,13.0
31,2017-06-01,2.0,3,1256.64,857.39,16.0
31,2017-07-01,2.0,3,1248.78,1074.03,14.0
31,2017-08-01,1.0,3,861.98,1025.37,17.0
31,2017-09-01,1.0,3,895.86,963.97,19.0
31,2017-10-01,1.0,3,423.68,897.39,19.0
31,2017-11-01,1.0,3,228.17,1101.5,36.0
32,2016-01-01,2.0,2,103.02,11.46,6.0
32,2016-02-01,2.0,2,75.68,35.74,11.0
32,2016-03-01,2.0,2,85.12,12.04,4.0
32,2016-04-01,2.0,2,77.95,12.86,1.0
32,2016-05-01,2.0,2,74.01,10.18,2.0
32,2016-06-01,2.0,2,125.93,11.28,3.0
32,2016-07-01,1.0,2,68.88,13.69,4.0
32,2016-08-01,2.0,2,18.68,13.57,3.0
32,2016-09-01,1.0,3,3.14,16.22,1.0
32,2016-10-01,0.0,2,0.0,15.34,3.0
32,2016-11-01,0.0,3,0.0,18.17,4.0
32,2016-12-01,1.0,3,3.59,10.92,5.0
32,2017-01-01,0.0,3,0.0,22.54,7.0
32,2017-02-01,0.0,2,0.0,12.51,5.0
32,2017-03-01,0.0,3,0.0,11.83,5.0
32,2017-04-01,0.0,2,0.0,47.71,6.0
32,2017-05-01,0.0,2,0.0,50.76,7.0
32,2017-06-01,0.0,2,0.0,29.23,3.0
32,2017-07-01,0.0,2,0.0,18.36,3.0
32,2017-08-01,0.0,2,0.0,35.2,4.0
32,2017-09-01,1.0,2,3.24,8.77,3.0
32,2017-10-01,0.0,2,0.0,7.57,2.0
32,2017-11-01,0.0,2,0.0,17.71,4.0
32,2017-12-01,0.0,2,0.0,99.07,7.0
32,2018-01-01,0.0,2,0.0,137.07,7.0
32,2018-02-01,0.0,2,0.0,85.41,6.0
32,2018-03-01,0.0,2,0.0,61.63,5.0
32,2018-04-01,0.0,2,0.0,9.71,3.0
32,2018-05-01,0.0,2,0.0,12.56,4.0
32,2018-06-01,0.0,2,0.0,16.97,3.0
32,2018-07-01,1.0,2,4.36,16.16,4.0
32,2018-08-01,1.0,2,7.81,12.79,3.0
32,2018-09-01,1.0,2,8.01,10.84,3.0
32,2018-10-01,1.0,2,28.03,12.22,3.0
32,2018-11-01,1.0,2,23.21,10.96,1.0
32,2018-12-01,4.0,3,12.17,16.54,3.0
32,2019-01-01,1.0,2,18.9,11.63,1.0
32,2019-02-01,1.0,3,25.86,18.48,4.0
32,2019-03-01,1.0,2,15.47,12.44,3.0
32,2019-04-01,1.0,2,12.54,18.5,3.0
32,2019-05-01,1.0,2,29.62,15.2,2.0
33,2016-01-01,1.0,2,9.57,482.55,9.0
33,2016-02-01,1.0,2,8.27,236.38,4.0
33,2016-03-01,1.0,2,6.12,375.2,6.0
33,2016-04-01,1.0,2,3.86,130.3,5.0
33,2016-05-01,2.0,2,7.25,77.26,4.0
33,2016-06-01,1.0,2,5.8,65.59,3.0
33,2016-07-01,1.0,2,3.25,18.59,2.0
33,2016-08-01,1.0,2,1.55,4.27,1.0
33,2016-09-01,2.0,2,9.6,19.48,2.0
33,2016-10-01,2.0,2,34.78,3.65,1.0
33,2016-11-01,1.0,2,9.48,0.0,0.0
33,2016-12-01,1.0,2,6.22,2.43,1.0
33,2017-01-01,1.0,2,14.93,7.24,2.0
33,2017-02-01,1.0,2,17.42,15.26,1.0
33,2017-03-01,1.0,2,22.19,0.0,0.0
33,2017-04-01,2.0,2,66.73,18.35,2.0
33,2017-05-01,2.0,2,26.53,0.0,0.0
33,2017-06-01,2.0,2,44.65,0.0,0.0
33,2017-07-01,3.0,2,61.24,0.0,0.0
33,2017-08-01,2.0,2,41.64,0.0,0.0
33,2017-09-01,1.0,2,8.73,0.0,0.0
33,2017-10-01,2.0,2,16.88,0.0,0.0
33,2017-11-01,2.0,2,49.74,0.0,0.0
33,2017-12-01,3.0,2,153.67,0.0,0.0
33,2018-01-01,2.0,2,31.56,0.0,0.0
33,2018-02-01,2.0,2,33.34,0.0,0.0
33,2018-03-01,2.0,2,46.8,0.0,0.0
33,2018-04-01,1.0,2,32.09,0.0,0.0
33,2018-05-01,1.0,2,9.82,14.26,2.0
33,2018-06-01,1.0,2,11.18,14.92,3.0
33,2018-07-01,0.0,2,0.0,16.52,2.0
33,2018-08-01,0.0,2,0.0,15.27,8.0
33,2018-09-01,0.0,2,0.0,12.88,2.0
33,2018-10-01,0.0,2,0.0,17.73,3.0
33,2018-11-01,0.0,2,0.0,13.83,3.0
33,2018-12-01,0.0,2,0.0,15.08,3.0
33,2019-01-01,0.0,2,0.0,11.1,3.0
34,2016-01-01,0.0,2,0.0,14.29,1.0
34,2016-02-01,0.0,2,0.0,19.98,2.0
34,2016-03-01,0.0,2,0.0,19.49,4.0
34,2016-04-01,0.0,3,0.0,11.07,1.0
34,2016-05-01,0.0,3,0.0,10.19,1.0
34,2016-06-01,0.0,2,0.0,13.47,1.0
34,2016-07-01,0.0,3,0.0,36.77,7.0
34,2016-08-01,0.0,3,0.0,38.95,4.0
34,2016-09-01,0.0,3,0.0,26.77,6.0
34,2016-10-01,0.0,3,0.0,19.1,5.0
34,2016-11-01,0.0,3,0.0,40.17,9.0
34,2016-12-01,1.0,3,4.99,24.56,5.0
34,2017-01-01,1.0,3,6.11,95.16,6.0
34,2017-02-01,1.0,3,3.52,207.55,8.0
34,2017-03-01,1.0,3,2.56,183.68,9.0
34,2017-04-01,2.0,3,15.49,528.96,15.0
34,2017-05-01,2.0,3,4.6,763.26,15.0
34,2017-06-01,1.0,3,3.21,662.35,15.0
34,2017-07-01,1.0,3,6.75,822.93,19.0
34,2017-08-01,1.0,3,4.28,292.39,17.0
34,2017-09-01,1.0,3,4.03,301.22,11.0
34,2017-10-01,0.0,3,0.0,235.73,10.0
34,2017-11-01,0.0,3,0.0,233.32,11.0
34,2017-12-01,1.0,3,3.06,83.2,7.0
34,2018-01-01,1.0,3,6.8,130.43,12.0
34,2018-02-01,0.0,3,0.0,54.83,8.0
34,2018-03-01,0.0,3,0.0,28.86,7.0
34,2018-04-01,0.0,3,0.0,19.0,1.0
34,2018-05-01,0.0,3,0.0,17.4,2.0
34,2018-06-01,0.0,3,0.0,10.88,7.0
34,2018-07-01,0.0,3,0.0,52.42,9.0
34,2018-08-01,0.0,3,0.0,57.0,7.0
34,2018-09-01,0.0,3,0.0,349.3,14.0
34,2018-10-01,0.0,3,0.0,328.61,14.0
35,2016-01-01,0.0,2,0.0,329.19,8.0
35,2016-02-01,0.0,2,0.0,92.1,3.0
35,2016-03-01,0.0,2,0.0,16.64,2.0
35,2016-04-01,0.0,2,0.0,14.83,2.0
35,2016-05-01,0.0,2,0.0,32.55,3.0
35,2016-06-01,0.0,2,0.0,93.53,3.0
35,2016-07-01,0.0,2,0.0,151.43,3.0
35,2016-08-01,0.0,2,0.0,93.85,2.0
35,2016-09-01,0.0,2,0.0,204.37,3.0
35,2016-10-01,0.0,2,0.0,122.66,2.0
35,2016-11-01,0.0,2,0.0,230.44,3.0
35,2016-12-01,0.0,2,0.0,180.36,2.0
35,2017-01-01,0.0,2,0.0,60.37,1.0
35,2017-02-01,0.0,2,0.0,12.0,1.0
35,2017-03-01,0.0,2,0.0,43.64,2.0
35,2017-04-01,0.0,2,0.0,71.43,2.0
35,2017-05-01,0.0,2,0.0,228.41,5.0
35,2017-06-01,0.0,2,0.0,414.72,7.0
35,2017-07-01,0.0,2,0.0,229.91,6.0
35,2017-08-01,0.0,2,0.0,132.72,6.0
35,2017-09-01,0.0,2,0.0,76.08,5.0
35,2017-10-01,0.0,2,0.0,13.65,2.0
35,2017-11-01,0.0,2,0.0,75.94,4.0
35,2017-12-01,0.0,2,0.0,94.21,6.0
35,2018-01-01,0.0,2,0.0,26.63,3.0
35,2018-02-01,0.0,2,0.0,44.72,3.0
35,2018-03-01,0.0,2,0.0,75.91,3.0
35,2018-04-01,0.0,2,0.0,293.24,6.0
36,2016-01-01,2.0,3,226.62,49.04,21.0
36,2016-02-01,1.0,3,150.1,59.61,20.0
36,2016-03-01,2.0,3,283.76,169.53,23.0
36,2016-04-01,2.0,3,602.44,42.27,16.0
36,2016-05-01,3.0,3,598.9,108.08,12.0
36,2016-06-01,4.0,3,838.56,188.64,12.0
36,2016-07-01,5.0,3,1142.68,49.88,12.0
36,2016-08-01,8.0,3,1982.15,39.69,8.0
36,2016-09-01,7.0,3,1232.83,53.83,7.0
36,2016-10-01,7.0,3,1880.97,44.97,7.0
36,2016-11-01,8.0,3,2023.33,94.34,11.0
36,2016-12-01,10.0,3,3107.76,28.43,9.0
36,2017-01-01,9.0,3,2306.34,18.13,2.0
36,2017-02-01,10.0,3,3059.07,17.6,3.0
36,2017-03-01,8.0,3,2039.96,17.0,4.0
36,2017-04-01,14.0,3,3493.9,15.72,4.0
36,2017-05-01,15.0,3,4345.32,19.76,1.0
36,2017-06-01,15.0,3,4228.12,16.84,1.0
36,2017-07-01,20.0,3,5715.95,8.28,4.0
36,2017-08-01,23.0,3,6476.63,12.04,5.0
36,2017-09-01,20.0,3,7405.97,92.89,10.0
36,2017-10-01,23.0,3,8045.03,57.59,9.0
36,2017-11-01,24.0,3,7831.24,40.53,11.0
36,2017-12-01,21.0,3,7014.07,49.6,12.0
36,2018-01-01,16.0,3,4416.0,9.37,6.0
36,2018-02-01,13.0,3,2629.25,19.26,2.0
36,2018-03-01,10.0,3,1641.32,11.16,7.0
36,2018-04-01,10.0,3,2615.97,17.12,1.0
36,2018-05-01,8.0,3,1439.26,17.02,3.0
36,2018-06-01,6.0,3,911.45,11.47,4.0
36,2018-07-01,4.0,3,521.93,16.22,3.0
36,2018-08-01,5.0,3,722.51,19.4,2.0
36,2018-09-01,4.0,3,815.49,18.33,1.0
36,2018-10-01,6.0,3,866.59,18.97,1.0
36,2018-11-01,11.0,3,1631.04,12.68,2.0
36,2018-12-01,11.0,3,1313.85,15.57,2.0
36,2019-01-01,16.0,3,1858.07,17.86,4.0
36,2019-02-01,18.0,3,3234.36,16.91,2.0
37,2016-01-01,0.0,2,0.0,16.39,3.0
37,2016-02-01,0.0,2,0.0,10.4,3.0
37,2016-03-01,0.0,2,0.0,56.85,25.0
37,2016-04-01,0.0,2,0.0,94.95,30.0
37,2016-05-01,0.0,2,0.0,137.23,30.0
37,2016-06-01,0.0,2,0.0,286.62,39.0
37,2016-07-01,0.0,2,0.0,542.3,46.0
37,2016-08-01,0.0,2,0.0,471.59,44.0
37,2016-09-01,0.0,2,0.0,627.11,36.0
37,2016-10-01,0.0,2,0.0,992.22,37.0
37,2016-11-01,0.0,2,0.0,814.99,31.0
37,2016-12-01,0.0,2,0.0,487.65,25.0
37,2017-01-01,0.0,2,0.0,918.2,33.0
37,2017-02-01,0.0,2,0.0,1258.99,35.0
37,2017-03-01,0.0,2,0.0,762.26,31.0
37,2017-04-01,0.0,2,0.0,1635.26,50.0
37,2017-05-01,0.0,2,0.0,1483.49,40.0
37,2017-06-01,0.0,2,0.0,986.15,36.0
37,2017-07-01,0.0,2,0.0,1168.33,33.0
37,2017-08-01,0.0,2,0.0,1004.1,31.0
38,2016-01-01,1.0,2,1488.86,34.94,4.0
38,2016-02-01,1.0,2,1225.13,26.05,4.0
38,2016-03-01,1.0,2,1637.34,50.69,3.0
38,2016-04-01,1.0,3,2490.98,10.19,2.0
38,2016-05-01,2.0,3,1950.18,4.61,1.0
38,2016-06-01,3.0,2,1308.37,3.91,1.0
38,2016-07-01,3.0,3,1075.75,14.56,2.0
38,2016-08-01,2.0,3,1100.1,3.37,1.0
38,2016-09-01,3.0,3,1396.73,5.89,2.0
38,2016-10-01,3.0,2,934.42,15.27,4.0
38,2016-11-01,2.0,3,971.92,17.11,2.0
38,2016-12-01,4.0,3,774.25,18.81,4.0
38,2017-01-01,1.0,3,1004.27,19.58,4.0
38,2017-02-01,1.0,3,1610.83,11.66,4.0
38,2017-03-01,3.0,3,731.03,0.0,0.0
38,2017-04-01,2.0,3,430.01,0.0,0.0
38,2017-05-01,4.0,3,614.38,0.0,0.0
38,2017-06-01,3.0,3,481.88,0.0,0.0
38,2017-07-01,2.0,3,440.82,14.1,1.0
38,2017-08-01,1.0,3,294.62,19.11,1.0
38,2017-09-01,1.0,3,576.13,13.68,4.0
38,2017-10-01,1.0,3,587.63,10.84,1.0
38,2017-11-01,1.0,3,693.39,17.78,4.0
38,2017-12-01,1.0,3,750.72,11.19,2.0
38,2018-01-01,3.0,3,1116.62,13.78,2.0
38,2018-02-01,2.0,3,821.67,10.48,3.0
38,2018-03-01,2.0,2,733.58,18.27,3.0
38,2018-04-01,2.0,2,726.04,16.51,2.0
38,2018-05-01,2.0,2,604.72,6.75,1.0
38,2018-06-01,2.0,2,699.48,4.78,1.0
38,2018-07-01,2.0,3,805.27,5.39,1.0
38,2018-08-01,4.0,2,1622.83,5.78,2.0
39,2016-01-01,2.0,2,25.04,33.53,5.0
39,2016-02-01,1.0,2,14.96,19.69,6.0
39,2016-03-01,1.0,2,21.8,27.8,7.0
39,2016-04-01,1.0,3,22.53,40.24,11.0
39,2016-05-01,1.0,3,50.14,134.24,18.0
39,2016-06-01,1.0,2,105.16,127.28,15.0
39,2016-07-01,1.0,3,206.17,195.54,14.0
39,2016-08-01,3.0,3,896.4,17.96,7.0
39,2016-09-01,4.0,3,1079.95,8.02,5.0
39,2016-10-01,2.0,2,516.0,17.24,2.0
39,2016-11-01,2.0,3,320.76,19.91,2.0
39,2016-12-01,1.0,3,141.71,16.3,1.0
39,2017-01-01,1.0,3,161.81,16.19,7.0
39,2017-02-01,1.0,3,337.45,22.12,8.0
39,2017-03-01,1.0,3,314.02,40.51,6.0
39,2017-04-01,2.0,3,695.94,107.0,10.0
39,2017-05-01,1.0,3,362.68,271.94,13.0
39,2017-06-01,1.0,3,109.68,118.58,9.0
39,2017-07-01,1.0,3,198.09,174.28,7.0
39,2017-08-01,1.0,3,344.5,190.33,9.0
39,2017-09-01,1.0,3,237.4,230.06,9.0
39,2017-10-01,4.0,3,133.64,78.24,5.0
39,2017-11-01,1.0,3,123.36,161.92,8.0
39,2017-12-01,2.0,3,77.61,52.38,4.0
39,2018-01-01,2.0,3,38.96,81.16,7.0
39,2018-02-01,3.0,3,17.33,25.15,6.0
39,2018-03-01,1.0,2,7.59,119.53,12.0
39,2018-04-01,1.0,2,3.84,72.59,8.0
39,2018-05-01,1.0,2,7.81,485.24,19.0
40,2016-01-01,0.0,3,0.0,71.45,10.0
40,2016-02-01,0.0,3,0.0,622.98,25.0
40,2016-03-01,0.0,3,0.0,411.41,24.0
40,2016-04-01,0.0,3,0.0,217.22,22.0
40,2016-05-01,0.0,3,0.0,730.15,31.0
40,2016-06-01,0.0,3,0.0,234.29,25.0
40,2016-07-01,0.0,3,0.0,10.83,4.0
40,2016-08-01,0.0,3,0.0,19.56,4.0
40,2016-09-01,0.0,3,0.0,12.85,4.0
40,2016-10-01,0.0,3,0.0,17.24,2.0
40,2016-11-01,0.0,3,0.0,13.4,1.0
40,2016-12-01,0.0,3,0.0,104.82,41.0
40,2017-01-01,0.0,3,0.0,11.3,2.0
40,2017-02-01,0.0,3,0.0,11.93,1.0
40,2017-03-01,0.0,3,0.0,18.63,4.0
40,2017-04-01,0.0,3,0.0,18.71,4.0
40,2017-05-01,0.0,3,0.0,14.27,2.0
40,2017-06-01,0.0,3,0.0,11.74,4.0
40,2017-07-01,0.0,3,0.0,17.18,3.0
43,2016-01-01,1.0,3,4.62,377.81,22.0
43,2016-02-01,3.0,3,14.04,838.42,32.0
43,2016-03-01,1.0,3,34.5,622.56,27.0
43,2016-04-01,2.0,3,232.52,420.67,35.0
43,2016-05-01,1.0,3,233.72,444.52,31.0
43,2016-06-01,1.0,3,326.05,214.15,25.0
43,2016-07-01,4.0,3,501.38,211.16,33.0
43,2016-08-01,1.0,3,604.05,344.58,32.0
43,2016-09-01,1.0,3,553.05,481.09,36.0
43,2016-10-01,1.0,3,933.3,445.77,30.0
43,2016-11-01,1.0,3,805.05,491.26,31.0
43,2016-12-01,1.0,3,1027.68,444.57,32.0
43,2017-01-01,1.0,3,1078.58,255.57,28.0
43,2017-02-01,2.0,3,1711.77,115.49,25.0
43,2017-03-01,1.0,3,1168.18,15.44,1.0
43,2017-04-01,1.0,3,1419.86,17.17,4.0
43,2017-05-01,1.0,3,1366.03,11.0,4.0
43,2017-06-01,1.0,3,1833.19,10.47,3.0
43,2017-07-01,2.0,3,2556.52,85.73,31.0
43,2017-08-01,1.0,3,2277.13,50.37,29.0
43,2017-09-01,1.0,3,1749.56,107.74,40.0
43,2017-10-01,3.0,3,1726.48,13.47,2.0
43,2017-11-01,1.0,3,1224.1,10.87,1.0
43,2017-12-01,2.0,3,1903.56,14.72,3.0
43,2018-01-01,1.0,3,1303.0,15.36,1.0
43,2018-02-01,3.0,3,1751.49,18.36,3.0
43,2018-03-01,1.0,3,1482.4,16.37,4.0
43,2018-04-01,2.0,3,1524.76,14.81,1.0
43,2018-05-01,4.0,3,840.04,10.04,2.0
44,2016-01-01,1.0,3,8.88,30.61,3.0
44,2016-02-01,1.0,3,5.03,51.23,4.0
44,2016-03-01,1.0,3,8.6,17.87,2.0
44,2016-04-01,0.0,3,0.0,7.27,1.0
44,2016-05-01,0.0,3,0.0,36.87,2.0
44,2016-06-01,0.0,3,0.0,32.28,2.0
44,2016-07-01,1.0,3,7.78,37.89,3.0
44,2016-08-01,4.0,3,25.59,33.96,2.0
44,2016-09-01,5.0,3,43.63,6.05,1.0
44,2016-10-01,1.0,3,16.01,6.35,1.0
44,2016-11-01,1.0,3,21.89,17.38,1.0
44,2016-12-01,4.0,3,14.48,7.44,1.0
44,2017-01-01,3.0,3,19.71,37.69,2.0
44,2017-02-01,1.0,3,6.44,170.11,4.0
44,2017-03-01,0.0,3,0.0,33.84,2.0
44,2017-04-01,0.0,3,0.0,26.95,4.0
44,2017-05-01,1.0,3,8.18,22.9,4.0
44,2017-06-01,1.0,3,56.24,50.17,6.0
44,2017-07-01,1.0,3,126.76,16.66,6.0
44,2017-08-01,4.0,3,118.59,22.82,5.0
44,2017-09-01,1.0,3,131.6,20.09,5.0
44,2017-10-01,1.0,3,58.0,106.93,10.0
44,2017-11-01,1.0,3,103.88,160.18,14.0
44,2017-12-01,1.0,3,109.6,111.74,19.0
45,2016-01-01,3.0,2,6.76,0.0,0.0
45,2016-02-01,2.0,2,19.99,0.0,0.0
45,2016-03-01,3.0,2,11.17,0.0,0.0
45,2016-04-01,3.0,2,15.79,0.0,0.0
45,2016-05-01,3.0,2,12.65,0.0,0.0
45,2016-06-01,4.0,2,34.04,0.0,0.0
45,2016-07-01,5.0,2,97.7,0.0,0.0
45,2016-08-01,5.0,2,218.34,0.0,0.0
45,2016-09-01,6.0,2,352.86,0.0,0.0
45,2016-10-01,6.0,2,268.03,0.0,0.0
45,2016-11-01,6.0,2,184.7,0.0,0.0
45,2016-12-01,4.0,2,238.51,0.0,0.0
45,2017-01-01,2.0,2,164.18,0.0,0.0
45,2017-02-01,1.0,2,60.06,0.0,0.0
45,2017-03-01,1.0,2,69.76,0.0,0.0
45,2017-04-01,1.0,2,31.75,0.0,0.0
45,2017-05-01,1.0,2,48.98,0.0,0.0
45,2017-06-01,1.0,2,25.18,16.19,1.0
45,2017-07-01,1.0,2,53.09,15.93,1.0
45,2017-08-01,1.0,2,113.85,0.0,0.0
45,2017-09-01,1.0,2,165.58,12.89,1.0
45,2017-10-01,1.0,2,199.84,13.78,4.0
45,2017-11-01,1.0,2,124.87,12.33,2.0
45,2017-12-01,1.0,2,26.72,12.23,3.0
45,2018-01-01,1.0,2,23.61,12.96,3.0
45,2018-02-01,1.0,2,35.71,13.72,2.0
46,2016-01-01,0.0,2,0.0,45.42,9.0
46,2016-02-01,0.0,2,0.0,38.08,12.0
46,2016-03-01,0.0,2,0.0,38.89,14.0
46,2016-04-01,0.0,3,0.0,11.54,7.0
46,2016-05-01,0.0,3,0.0,19.17,4.0
46,2016-06-01,0.0,2,0.0,17.36,10.0
46,2016-07-01,0.0,3,0.0,14.27,8.0
46,2016-08-01,0.0,3,0.0,43.46,11.0
46,2016-09-01,0.0,3,0.0,25.21,9.0
46,2016-10-01,0.0,2,0.0,16.02,2.0
46,2016-11-01,0.0,3,0.0,95.72,9.0
46,2016-12-01,0.0,3,0.0,104.26,9.0
46,2017-01-01,0.0,3,0.0,99.0,12.0
46,2017-02-01,0.0,3,0.0,49.14,14.0
46,2017-03-01,0.0,3,0.0,35.86,12.0
46,2017-04-01,0.0,3,0.0,19.0,2.0
46,2017-05-01,0.0,3,0.0,13.37,1.0
46,2017-06-01,0.0,3,0.0,17.24,1.0
46,2017-07-01,0.0,3,0.0,24.46,9.0
46,2017-08-01,0.0,3,0.0,24.55,10.0
46,2017-09-01,1.0,2,2.58,17.51,9.0
46,2017-10-01,0.0,3,0.0,10.53,3.0
46,2017-11-01,1.0,3,2.1,18.5,3.0
46,2017-12-01,0.0,3,0.0,18.38,12.0
46,2018-01-01,0.0,3,0.0,12.24,3.0
46,2018-02-01,0.0,3,0.0,19.76,3.0
47,2016-01-01,5.0,3,1730.85,11.58,2.0
47,2016-02-01,5.0,3,2697.55,18.07,2.0
47,2016-03-01,5.0,3,2919.67,139.31,40.0
47,2016-04-01,8.0,3,4812.15,177.65,35.0
47,2016-05-01,7.0,3,3971.29,44.07,17.0
47,2016-06-01,8.0,3,4479.71,21.13,11.0
47,2016-07-01,9.0,3,4516.63,31.06,12.0
47,2016-08-01,14.0,3,7209.92,26.65,10.0
47,2016-09-01,12.0,3,5195.9,18.8,3.0
47,2016-10-01,16.0,3,6640.91,17.31,2.0
47,2016-11-01,17.0,3,4839.24,11.96,2.0
47,2016-12-01,10.0,3,3938.54,17.4,4.0
47,2017-01-01,9.0,3,3207.63,14.43,3.0
47,2017-02-01,10.0,3,5009.64,4.81,3.0
47,2017-03-01,11.0,3,4316.75,13.8,4.0
47,2017-04-01,13.0,3,4833.07,19.21,4.0
47,2017-05-01,11.0,3,5582.8,3.28,2.0
47,2017-06-01,10.0,3,4773.0,10.35,1.0
47,2017-07-01,6.0,3,3974.83,17.15,2.0
47,2017-08-01,5.0,3,3565.21,16.08,2.0
47,2017-09-01,6.0,3,3655.56,10.59,4.0
49,2016-01-01,1.0,3,4.19,19.24,2.0
49,2016-02-01,1.0,3,2.88,18.68,4.0
49,2016-03-01,1.0,3,19.1,7.4,1.0
49,2016-04-01,1.0,3,7.38,18.25,1.0
49,2016-05-01,2.0,3,11.28,30.06,2.0
49,2016-06-01,4.0,3,12.39,4.39,1.0
49,2016-07-01,2.0,3,51.14,17.12,2.0
49,2016-08-01,5.0,4,176.21,12.19,4.0
49,2016-09-01,3.0,4,129.09,13.55,4.0
49,2016-10-01,1.0,3,37.93,11.53,1.0
49,2016-11-01,1.0,3,9.68,18.89,2.0
49,2016-12-01,1.0,4,36.84,7.22,4.0
49,2017-01-01,2.0,4,31.74,12.37,4.0
49,2017-02-01,4.0,4,31.75,5.69,3.0
49,2017-03-01,2.0,4,51.47,7.68,2.0
49,2017-04-01,1.0,4,62.66,26.4,4.0
49,2017-05-01,2.0,4,23.62,37.23,4.0
49,2017-06-01,3.0,4,35.25,1.78,1.0
49,2017-07-01,1.0,4,7.45,13.68,4.0
49,2017-08-01,0.0,4,0.0,0.0,0.0
49,2017-09-01,0.0,4,0.0,0.0,0.0
49,2017-10-01,0.0,3,0.0,0.0,0.0
49,2017-11-01,0.0,4,0.0,13.97,3.0
49,2017-12-01,0.0,4,0.0,11.23,2.0
49,2018-01-01,0.0,4,0.0,10.93,2.0
49,2018-02-01,0.0,4,0.0,30.48,4.0
49,2018-03-01,0.0,3,0.0,15.94,4.0
49,2018-04-01,0.0,3,0.0,8.92,3.0
49,2018-05-01,0.0,3,0.0,19.67,4.0
49,2018-06-01,0.0,3,0.0,14.56,3.0
49,2018-07-01,0.0,4,0.0,5.51,2.0
49,2018-08-01,0.0,3,0.0,19.07,4.0
50,2016-01-01,2.0,2,577.44,205.69,4.0
50,2016-02-01,2.0,2,566.99,243.86,7.0
50,2016-03-01,1.0,2,310.63,144.73,5.0
50,2016-04-01,3.0,3,329.37,189.6,7.0
50,2016-05-01,4.0,3,152.83,257.89,8.0
50,2016-06-01,1.0,3,27.34,281.57,8.0
50,2016-07-01,1.0,3,25.4,226.32,9.0
50,2016-08-01,3.0,3,84.12,148.95,9.0
50,2016-09-01,1.0,3,62.59,202.33,10.0
50,2016-10-01,2.0,2,58.95,643.47,14.0
50,2016-11-01,1.0,3,24.21,621.38,20.0
50,2016-12-01,1.0,3,2.37,1084.88,27.0
50,2017-01-01,0.0,3,0.0,1342.43,25.0
50,2017-02-01,1.0,3,2.66,2188.99,24.0
50,2017-03-01,0.0,3,0.0,1559.17,24.0
50,2017-04-01,0.0,3,0.0,2372.39,27.0
50,2017-05-01,0.0,3,0.0,4013.58,33.0
50,2017-06-01,0.0,3,0.0,2942.16,23.0
50,2017-07-01,0.0,3,0.0,3544.74,27.0
50,2017-08-01,0.0,3,0.0,3489.99,24.0
50,2017-09-01,0.0,3,0.0,2625.17,19.0
50,2017-10-01,0.0,3,0.0,1897.94,13.0
50,2017-11-01,0.0,3,0.0,1847.07,17.0
50,2017-12-01,1.0,3,4.72,2321.77,24.0
50,2018-01-01,0.0,3,0.0,3078.72,32.0
50,2018-02-01,0.0,3,0.0,3275.21,29.0
50,2018-03-01,0.0,2,0.0,2679.69,31.0
50,2018-04-01,0.0,3,0.0,3657.95,37.0
50,2018-05-01,0.0,3,0.0,5338.74,62.0
50,2018-06-01,0.0,3,0.0,4517.48,52.0
50,2018-07-01,0.0,3,0.0,3454.76,46.0
50,2018-08-01,0.0,3,0.0,3300.52,49.0
50,2018-09-01,0.0,3,0.0,3125.0,47.0
50,2018-10-01,0.0,3,0.0,2090.5,54.0
50,2018-11-01,0.0,3,0.0,793.67,38.0
50,2018-12-01,0.0,3,0.0,890.32,46.0
50,2019-01-01,0.0,3,0.0,1397.93,40.0
50,2019-02-01,0.0,3,0.0,1239.19,49.0
50,2019-03-01,0.0,3,0.0,3496.07,67.0
50,2019-04-01,0.0,3,0.0,1812.69,40.0
51,2016-01-01,1.0,2,82.79,11.37,5.0
51,2016-02-01,1.0,2,156.59,118.99,10.0
51,2016-03-01,3.0,2,84.16,44.82,5.0
51,2016-04-01,3.0,2,21.65,19.33,3.0
51,2016-05-01,1.0,2,207.08,3.88,2.0
51,2016-06-01,1.0,2,48.44,3.77,1.0
51,2016-07-01,1.0,2,51.1,21.53,2.0
51,2016-08-01,1.0,2,67.28,42.29,3.0
51,2016-09-01,1.0,2,13.16,14.12,2.0
51,2016-10-01,2.0,2,22.81,55.8,4.0
51,2016-11-01,0.0,2,0.0,129.79,4.0
51,2016-12-01,0.0,2,0.0,197.69,5.0
51,2017-01-01,0.0,2,0.0,248.54,8.0
51,2017-02-01,0.0,2,0.0,281.74,12.0
51,2017-03-01,0.0,2,0.0,417.45,17.0
51,2017-04-01,0.0,2,0.0,463.09,23.0
51,2017-05-01,0.0,3,0.0,488.79,25.0
51,2017-06-01,0.0,2,0.0,301.42,21.0
51,2017-07-01,1.0,2,3.17,67.02,13.0
51,2017-08-01,1.0,2,7.1,135.11,20.0
51,2017-09-01,1.0,3,6.92,116.65,25.0
51,2017-10-01,1.0,3,13.76,182.98,26.0
51,2017-11-01,2.0,3,16.78,426.58,35.0
51,2017-12-01,1.0,3,2.29,412.98,32.0
51,2018-01-01,2.0,3,13.36,127.92,25.0
52,2016-01-01,3.0,3,1300.81,12.9,3.0
52,2016-02-01,5.0,3,2621.85,13.43,2.0
52,2016-03-01,3.0,3,2368.19,12.73,4.0
52,2016-04-01,2.0,3,2395.51,19.3,1.0
52,2016-05-01,3.0,3,2887.52,19.12,3.0
52,2016-06-01,4.0,3,3446.92,12.74,1.0
52,2016-07-01,2.0,3,2532.67,19.63,4.0
52,2016-08-01,2.0,3,4056.59,17.65,2.0
52,2016-09-01,2.0,3,2715.67,15.1,1.0
52,2016-10-01,1.0,3,2124.65,17.03,3.0
52,2016-11-01,1.0,3,2152.19,16.96,2.0
52,2016-12-01,2.0,3,2243.41,19.02,4.0
52,2017-01-01,1.0,3,2026.03,17.51,1.0
52,2017-02-01,2.0,3,1546.09,19.11,2.0
52,2017-03-01,1.0,3,1582.31,12.93,2.0
52,2017-04-01,1.0,3,2158.36,13.15,1.0
52,2017-05-01,1.0,3,3118.8,16.5,2.0
52,2017-06-01,1.0,3,2427.91,18.21,1.0
52,2017-07-01,1.0,3,1707.44,16.98,3.0
52,2017-08-01,1.0,3,1457.39,16.89,4.0
53,2016-01-01,1.0,2,106.04,38.48,3.0
53,2016-02-01,1.0,2,35.27,28.44,2.0
53,2016-03-01,1.0,2,59.53,3.42,2.0
53,2016-04-01,2.0,2,180.89,1.6,1.0
53,2016-05-01,3.0,2,266.65,1.81,1.0
53,2016-06-01,3.0,2,246.23,2.44,1.0
53,2016-07-01,2.0,2,71.49,7.33,2.0
53,2016-08-01,2.0,2,79.74,15.28,2.0
53,2016-09-01,2.0,2,174.34,19.49,3.0
53,2016-10-01,2.0,2,249.73,39.12,4.0
53,2016-11-01,3.0,2,378.59,7.67,2.0
53,2016-12-01,4.0,2,713.96,44.69,3.0
53,2017-01-01,4.0,2,632.17,162.91,5.0
53,2017-02-01,6.0,2,1382.84,191.88,6.0
53,2017-03-01,7.0,2,1216.74,73.98,5.0
53,2017-04-01,5.0,2,676.72,200.72,12.0
53,2017-05-01,1.0,2,63.89,72.61,8.0
53,2017-06-01,1.0,2,39.54,21.12,5.0
53,2017-07-01,1.0,2,38.27,19.55,1.0
53,2017-08-01,1.0,2,70.27,18.04,4.0
53,2017-09-01,3.0,2,206.28,10.39,4.0
53,2017-10-01,6.0,2,686.77,11.42,2.0
53,2017-11-01,5.0,2,547.47,12.11,3.0
53,2017-12-01,4.0,2,548.53,24.21,4.0
53,2018-01-01,6.0,2,548.45,4.5,3.0
53,2018-02-01,10.0,2,1156.14,8.66,4.0
53,2018-03-01,11.0,2,1310.55,12.0,2.0
53,2018-04-01,13.0,2,1895.62,18.08,1.0
53,2018-05-01,11.0,2,1945.0,13.39,4.0
53,2018-06-01,8.0,2,1430.9,19.01,3.0
53,2018-07-01,10.0,2,1813.97,12.87,4.0
53,2018-08-01,6.0,2,1318.37,17.14,4.0
53,2018-09-01,10.0,2,2627.28,15.82,2.0
53,2018-10-01,12.0,2,3784.93,16.26,1.0
53,2018-11-01,13.0,2,3636.09,64.14,26.0
53,2018-12-01,17.0,3,3883.27,78.65,20.0
53,2019-01-01,16.0,2,3107.44,81.58,16.0
53,2019-02-01,9.0,2,2048.76,191.96,29.0
53,2019-03-01,10.0,2,2121.32,231.19,33.0
54,2016-01-01,8.0,3,1723.18,11589.21,82.0
54,2016-02-01,6.0,3,2156.19,20609.84,121.0
54,2016-03-01,5.0,3,2384.05,17784.67,92.0
54,2016-04-01,9.0,4,4521.03,15699.63,84.0
54,2016-05-01,11.0,4,3673.6,20588.14,128.0
54,2016-06-01,13.0,3,4313.24,20329.07,129.0
54,2016-07-01,9.0,4,4484.73,16395.03,128.0
54,2016-08-01,8.0,4,5064.92,11454.88,96.0
54,2016-09-01,7.0,4,3276.75,9579.58,97.0
54,2016-10-01,10.0,3,4148.55,10574.61,91.0
54,2016-11-01,10.0,3,3188.22,9820.75,97.0
54,2016-12-01,9.0,3,3790.62,6347.71,77.0
54,2017-01-01,7.0,3,1597.31,5864.73,64.0
54,2017-02-01,9.0,3,1875.07,4552.45,44.0
54,2017-03-01,10.0,3,1766.88,2867.51,32.0
54,2017-04-01,12.0,4,1784.97,3204.7,37.0
54,2017-05-01,10.0,4,1923.85,3377.44,40.0
54,2017-06-01,7.0,4,1205.39,4521.29,43.0
54,2017-07-01,7.0,4,867.12,4295.3,36.0
54,2017-08-01,5.0,4,457.68,3089.83,35.0
54,2017-09-01,3.0,4,137.96,3594.72,42.0
54,2017-10-01,2.0,4,132.58,4435.52,50.0
54,2017-11-01,2.0,4,202.9,3712.46,54.0
54,2017-12-01,2.0,4,69.78,2306.1,51.0
54,2018-01-01,2.0,4,99.9,978.26,45.0
54,2018-02-01,1.0,4,45.03,1197.4,39.0
54,2018-03-01,1.0,4,30.61,967.04,31.0
54,2018-04-01,1.0,3,16.94,523.91,28.0
54,2018-05-01,1.0,3,6.27,556.61,25.0
54,2018-06-01,1.0,3,29.28,441.02,29.0
54,2018-07-01,2.0,4,74.7,227.99,28.0
54,2018-08-01,3.0,3,128.95,587.71,31.0
54,2018-09-01,5.0,3,289.83,1253.42,43.0
54,2018-10-01,6.0,3,297.32,787.87,33.0
54,2018-11-01,7.0,3,661.81,673.0,37.0
54,2018-12-01,10.0,4,1121.41,1995.54,53.0
54,2019-01-01,19.0,3,2246.62,3240.83,61.0
54,2019-02-01,18.0,4,2361.4,2119.05,68.0
